timestamp_utc,tenant_id,account_id,venue,market,base,quote,event_type,order_id,client_order_id,parent_order_id,side,order_type,time_in_force,post_only,decision_quote,decision_latency_ms,status,price,qty,quote_qty,trade_id,fill_price,fill_qty,fill_quote,fee,fee_asset,liquidity,slippage_bps,risk_check_passed,risk_reason,kyt_action,prev_hash,curr_hash,day_root
2025-01-01T10:15:23.145Z,rugira_prod,acc_001,binance,BTC/USDT,BTC,USDT,order_submitted,ord_20250101_001,cli_001,,buy,limit,GTC,false,94523.45,125,acked,94500.00,0.105,9922.50,,,,,,,,,true,,allow,,a3f5c8d12e4b7a9f6c2d8e1b4a7f9c3d5e8b2a1f6c9d3e7a5b8f2c1d4e6a8b9c,root_2025-01-01_f5a3c8
2025-01-01T10:15:23.270Z,rugira_prod,acc_001,binance,BTC/USDT,BTC,USDT,order_acked,ord_20250101_001,cli_001,,buy,limit,GTC,false,94523.45,125,acked,94500.00,0.105,9922.50,,,,,,,,,true,,allow,a3f5c8d12e4b7a9f6c2d8e1b4a7f9c3d5e8b2a1f6c9d3e7a5b8f2c1d4e6a8b9c,b4e6d9a2f7c1b8e5d3a9f6c2e8b1d4a7f9c3d5e8b2a1f6c9d3e7a5b8f2c1d4e6,root_2025-01-01_f5a3c8
2025-01-01T10:15:25.891Z,rugira_prod,acc_001,binance,BTC/USDT,BTC,USDT,filled,ord_20250101_001,cli_001,,buy,limit,GTC,false,94523.45,125,filled,94500.00,0.105,9922.50,trd_001,94498.50,0.105,9922.34,9.92,USDT,maker,-1.6,true,,allow,b4e6d9a2f7c1b8e5d3a9f6c2e8b1d4a7f9c3d5e8b2a1f6c9d3e7a5b8f2c1d4e6,c5f7e0b3a8d2c9f6e4b1a7d3f9c5e8b2a1f6c9d3e7a5b8f2c1d4e6a8b9c1d2e3,root_2025-01-01_f5a3c8
2025-01-01T11:23:45.234Z,rugira_prod,acc_001,coinbasepro,ETH/USDT,ETH,USDT,order_submitted,ord_20250101_002,cli_002,,sell,market,IOC,false,3245.67,89,acked,,1.25,,,,,,,,,,true,,allow,c5f7e0b3a8d2c9f6e4b1a7d3f9c5e8b2a1f6c9d3e7a5b8f2c1d4e6a8b9c1d2e3,d6a8f1c4b9e3d0a7f5c2e9b6d3a0f7c4e1b8d5a2f9c6d3e0a7b4f1c8e5b2d9a6,root_2025-01-01_f5a3c8
2025-01-01T11:23:45.323Z,rugira_prod,acc_001,coinbasepro,ETH/USDT,ETH,USDT,filled,ord_20250101_002,cli_002,,sell,market,IOC,false,3245.67,89,filled,,1.25,,trd_002,3244.12,1.25,4055.15,4.06,USDT,taker,4.8,true,,allow,d6a8f1c4b9e3d0a7f5c2e9b6d3a0f7c4e1b8d5a2f9c6d3e0a7b4f1c8e5b2d9a6,e7b9a2d5c8f1b4e7a0d3c6f9e2b5a8d1c4f7a0e3b6d9c2f5a8e1b4d7c0a3f6e9,root_2025-01-01_f5a3c8
2025-01-01T14:45:12.567Z,rugira_prod,acc_001,okx,SOL/EUR,SOL,EUR,order_submitted,ord_20250101_003,cli_003,,buy,limit,GTC,true,178.45,234,acked,178.30,15.5,2763.65,,,,,,,,,true,,allow,e7b9a2d5c8f1b4e7a0d3c6f9e2b5a8d1c4f7a0e3b6d9c2f5a8e1b4d7c0a3f6e9,f8c0b3e6d9a2c5f8e1b4a7d0c3f6e9b2d5a8e1c4f7b0a3d6e9c2f5b8e1a4d7c0,root_2025-01-01_f5a3c8
2025-01-01T14:45:13.234Z,rugira_prod,acc_001,okx,SOL/EUR,SOL,EUR,filled,ord_20250101_003,cli_003,,buy,limit,GTC,true,178.45,234,filled,178.30,15.5,2763.65,trd_003,178.30,15.5,2763.65,0,EUR,maker,-8.4,true,,allow,f8c0b3e6d9a2c5f8e1b4a7d0c3f6e9b2d5a8e1c4f7b0a3d6e9c2f5b8e1a4d7c0,a9d1c4e7f0b3a6d9c2e5f8b1a4d7c0e3f6b9c2d5e8a1b4f7c0d3a6e9f2b5c8d1,root_2025-01-01_f5a3c8
2025-01-02T08:12:34.789Z,rugira_prod,acc_001,binance,BTC/USDT,BTC,USDT,risk_block,ord_20250102_001,cli_004,,buy,market,IOC,false,95234.12,456,rejected,,0.25,,,,,,,,,,false,max_drawdown_cap,allow,,b1e4d7a0c3f6b9e2d5c8a1f4b7e0d3a6c9f2e5b8d1c4a7f0b3e6d9a2c5f8e1b4,root_2025-01-02_a8b2c4
2025-01-02T09:34:56.123Z,rugira_prod,acc_001,binance,ETH/USDT,ETH,USDT,order_submitted,ord_20250102_002,cli_005,,sell,limit,GTC,false,3267.89,178,acked,3268.00,2.5,8170.00,,,,,,,,,true,,allow,b1e4d7a0c3f6b9e2d5c8a1f4b7e0d3a6c9f2e5b8d1c4a7f0b3e6d9a2c5f8e1b4,c2f5e8b1d4a7c0e3f6d9b2c5e8a1f4b7d0c3a6e9f2b5d8c1e4a7f0b3d6e9c2a5,root_2025-01-02_a8b2c4
2025-01-02T09:35:01.456Z,rugira_prod,acc_001,binance,ETH/USDT,ETH,USDT,cancelled,ord_20250102_002,cli_005,,sell,limit,GTC,false,3267.89,178,cancelled,3268.00,2.5,8170.00,,,,,,,,,true,,allow,c2f5e8b1d4a7c0e3f6d9b2c5e8a1f4b7d0c3a6e9f2b5d8c1e4a7f0b3d6e9c2a5,d3a6f9c2e5b8d1a4c7f0b3e6d9a2c5f8e1b4d7a0c3f6e9b2d5c8a1f4e7b0d3a6,root_2025-01-02_a8b2c4
2025-01-02T10:45:23.789Z,rugira_prod,acc_001,coinbasepro,BTC/USDT,BTC,USDT,order_submitted,ord_20250102_003,cli_006,,buy,limit,GTC,false,95123.45,345,acked,95100.00,0.08,7608.00,,,,,,,,,true,,allow,d3a6f9c2e5b8d1a4c7f0b3e6d9a2c5f8e1b4d7a0c3f6e9b2d5c8a1f4e7b0d3a6,e4b7d0a3c6f9e2b5d8c1a4f7e0b3d6a9c2f5e8b1d4a7c0e3f6b9d2c5a8e1f4b7,root_2025-01-02_a8b2c4
2025-01-02T10:45:24.123Z,rugira_prod,acc_001,coinbasepro,BTC/USDT,BTC,USDT,filled,ord_20250102_003,cli_006,,buy,limit,GTC,false,95123.45,345,filled,95100.00,0.08,7608.00,trd_004,95099.50,0.08,7607.96,7.61,USDT,maker,-2.5,true,,allow,e4b7d0a3c6f9e2b5d8c1a4f7e0b3d6a9c2f5e8b1d4a7c0e3f6b9d2c5a8e1f4b7,f5c8e1b4d7a0c3f6e9b2d5a8c1f4e7b0d3a6f9c2e5b8d1a4c7f0b3e6d9a2c5f8,root_2025-01-02_a8b2c4
2025-01-03T07:23:45.234Z,rugira_prod,acc_001,okx,SOL/EUR,SOL,EUR,kyt_flag,ord_20250103_001,cli_007,,sell,market,IOC,false,182.34,567,acked,,20.0,,,,,,,,,,true,,review,,a1b4c7d0e3f6a9b2c5d8e1f4b7a0d3c6e9f2b5c8d1a4e7f0b3d6a9c2e5f8b1d4,root_2025-01-03_c5d7e9
2025-01-03T07:23:46.567Z,rugira_prod,acc_001,okx,SOL/EUR,SOL,EUR,filled,ord_20250103_001,cli_007,,sell,market,IOC,false,182.34,567,filled,,20.0,,trd_005,182.28,20.0,3645.60,3.65,EUR,taker,3.3,true,,review,a1b4c7d0e3f6a9b2c5d8e1f4b7a0d3c6e9f2b5c8d1a4e7f0b3d6a9c2e5f8b1d4,b2c5d8e1f4b7a0d3c6e9f2b5c8d1a4e7f0b3d6a9c2e5f8b1d4c7a0e3f6a9b2c5,root_2025-01-03_c5d7e9
2025-01-03T11:34:12.890Z,rugira_prod,acc_001,binance,BTC/USDT,BTC,USDT,order_submitted,ord_20250103_002,cli_008,ord_parent_001,buy,limit,GTC,true,94856.78,289,acked,94850.00,0.15,14227.50,,,,,,,,,true,,allow,b2c5d8e1f4b7a0d3c6e9f2b5c8d1a4e7f0b3d6a9c2e5f8b1d4c7a0e3f6a9b2c5,c3d6e9f2b5c8d1a4e7f0b3d6a9c2e5f8b1d4c7a0e3f6a9b2c5d8e1f4b7a0d3c6,root_2025-01-03_c5d7e9
2025-01-03T11:34:13.123Z,rugira_prod,acc_001,binance,BTC/USDT,BTC,USDT,filled,ord_20250103_002,cli_008,ord_parent_001,buy,limit,GTC,true,94856.78,289,filled,94850.00,0.15,14227.50,trd_006,94850.00,0.15,14227.50,0,USDT,maker,-7.2,true,,allow,c3d6e9f2b5c8d1a4e7f0b3d6a9c2e5f8b1d4c7a0e3f6a9b2c5d8e1f4b7a0d3c6,d4e7f0b3d6a9c2e5f8b1d4c7a0e3f6a9b2c5d8e1f4b7a0d3c6e9f2b5c8d1a4e7,root_2025-01-03_c5d7e9
2025-01-04T09:12:34.456Z,rugira_prod,acc_001,coinbasepro,ETH/USDT,ETH,USDT,order_submitted,ord_20250104_001,cli_009,,sell,limit,GTC,false,3289.12,412,acked,3290.00,3.0,9870.00,,,,,,,,,true,,allow,,e5f8b1d4c7a0e3f6a9b2c5d8e1f4b7a0d3c6e9f2b5c8d1a4e7f0b3d6a9c2e5f8,root_2025-01-04_d8e1f4
2025-01-04T09:12:35.789Z,rugira_prod,acc_001,coinbasepro,ETH/USDT,ETH,USDT,filled,ord_20250104_001,cli_009,,sell,limit,GTC,false,3289.12,412,filled,3290.00,3.0,9870.00,trd_007,3290.00,3.0,9870.00,9.87,USDT,maker,2.7,true,,allow,e5f8b1d4c7a0e3f6a9b2c5d8e1f4b7a0d3c6e9f2b5c8d1a4e7f0b3d6a9c2e5f8,f6a9b2c5d8e1f4b7a0d3c6e9f2b5c8d1a4e7f0b3d6a9c2e5f8b1d4c7a0e3f6a9,root_2025-01-04_d8e1f4
2025-01-04T14:23:56.234Z,rugira_prod,acc_001,okx,BTC/USDT,BTC,USDT,order_submitted,ord_20250104_002,cli_010,,buy,market,IOC,false,94678.90,623,acked,,0.12,,,,,,,,,,true,,allow,f6a9b2c5d8e1f4b7a0d3c6e9f2b5c8d1a4e7f0b3d6a9c2e5f8b1d4c7a0e3f6a9,a7b0c3d6e9f2b5c8d1a4e7f0b3d6a9c2e5f8b1d4c7a0e3f6a9b2c5d8e1f4b7a0,root_2025-01-04_d8e1f4
2025-01-04T14:23:56.567Z,rugira_prod,acc_001,okx,BTC/USDT,BTC,USDT,filled,ord_20250104_002,cli_010,,buy,market,IOC,false,94678.90,623,filled,,0.12,,trd_008,94682.45,0.12,11361.89,11.36,USDT,taker,3.8,true,,allow,a7b0c3d6e9f2b5c8d1a4e7f0b3d6a9c2e5f8b1d4c7a0e3f6a9b2c5d8e1f4b7a0,b8c1d4e7f0b3d6a9c2e5f8b1d4c7a0e3f6a9b2c5d8e1f4b7a0d3c6e9f2b5c8d1,root_2025-01-04_d8e1f4
2025-01-05T08:45:12.890Z,rugira_prod,acc_001,binance,SOL/EUR,SOL,EUR,order_submitted,ord_20250105_001,cli_011,,sell,limit,GTC,true,179.56,789,acked,179.60,25.0,4490.00,,,,,,,,,true,,allow,,c9d2e5f8b1d4c7a0e3f6a9b2c5d8e1f4b7a0d3c6e9f2b5c8d1a4e7f0b3d6a9c2,root_2025-01-05_e9f2b5
2025-01-05T08:45:14.123Z,rugira_prod,acc_001,binance,SOL/EUR,SOL,EUR,filled,ord_20250105_001,cli_011,,sell,limit,GTC,true,179.56,789,filled,179.60,25.0,4490.00,trd_009,179.60,25.0,4490.00,0,EUR,maker,2.2,true,,allow,c9d2e5f8b1d4c7a0e3f6a9b2c5d8e1f4b7a0d3c6e9f2b5c8d1a4e7f0b3d6a9c2,d0e3f6a9b2c5d8e1f4b7a0d3c6e9f2b5c8d1a4e7f0b3d6a9c2e5f8b1d4c7a0e3,root_2025-01-05_e9f2b5
2025-01-05T10:23:45.456Z,rugira_prod,acc_001,coinbasepro,BTC/USDT,BTC,USDT,risk_block,ord_20250105_002,cli_012,,buy,market,IOC,false,95234.56,890,rejected,,0.5,,,,,,,,,,false,position_limit,allow,d0e3f6a9b2c5d8e1f4b7a0d3c6e9f2b5c8d1a4e7f0b3d6a9c2e5f8b1d4c7a0e3,e1f4b7a0d3c6e9f2b5c8d1a4e7f0b3d6a9c2e5f8b1d4c7a0e3f6a9b2c5d8e1f4,root_2025-01-05_e9f2b5
2025-01-05T15:34:23.789Z,rugira_prod,acc_001,okx,ETH/USDT,ETH,USDT,order_submitted,ord_20250105_003,cli_013,,buy,limit,GTC,false,3312.45,234,acked,3310.00,1.8,5958.00,,,,,,,,,true,,allow,e1f4b7a0d3c6e9f2b5c8d1a4e7f0b3d6a9c2e5f8b1d4c7a0e3f6a9b2c5d8e1f4,f2b5c8d1a4e7f0b3d6a9c2e5f8b1d4c7a0e3f6a9b2c5d8e1f4b7a0d3c6e9f2b5,root_2025-01-05_e9f2b5
2025-01-05T15:34:24.234Z,rugira_prod,acc_001,okx,ETH/USDT,ETH,USDT,filled,ord_20250105_003,cli_013,,buy,limit,GTC,false,3312.45,234,filled,3310.00,1.8,5958.00,trd_010,3310.00,1.8,5958.00,5.96,USDT,maker,-7.4,true,,allow,f2b5c8d1a4e7f0b3d6a9c2e5f8b1d4c7a0e3f6a9b2c5d8e1f4b7a0d3c6e9f2b5,a3c6d9f2b5c8d1a4e7f0b3d6a9c2e5f8b1d4c7a0e3f6a9b2c5d8e1f4b7a0d3c6,root_2025-01-05_e9f2b5
2025-01-06T07:12:34.567Z,rugira_prod,acc_001,binance,BTC/USDT,BTC,USDT,order_submitted,ord_20250106_001,cli_014,,sell,market,IOC,false,94123.45,456,acked,,0.18,,,,,,,,,,true,,allow,,b4d7e0f3a6d9c2b5e8f1d4a7c0e3f6b9c2d5e8a1f4b7c0d3a6e9f2b5c8d1a4e7,root_2025-01-06_f3a6d9
2025-01-06T07:12:34.890Z,rugira_prod,acc_001,binance,BTC/USDT,BTC,USDT,filled,ord_20250106_001,cli_014,,sell,market,IOC,false,94123.45,456,filled,,0.18,,trd_011,94120.12,0.18,16941.62,16.94,USDT,taker,3.5,true,,allow,b4d7e0f3a6d9c2b5e8f1d4a7c0e3f6b9c2d5e8a1f4b7c0d3a6e9f2b5c8d1a4e7,c5e8f1b4d7a0c3f6e9b2d5a8c1f4e7b0d3a6f9c2e5b8d1a4c7f0b3e6d9a2c5f8,root_2025-01-06_f3a6d9
2025-01-06T11:45:56.123Z,rugira_prod,acc_001,coinbasepro,ETH/USDT,ETH,USDT,order_submitted,ord_20250106_002,cli_015,ord_parent_002,sell,limit,GTC,true,3278.90,678,acked,3280.00,2.2,7216.00,,,,,,,,,true,,allow,c5e8f1b4d7a0c3f6e9b2d5a8c1f4e7b0d3a6f9c2e5b8d1a4c7f0b3e6d9a2c5f8,d6f9a2c5e8b1d4a7c0e3f6b9c2d5e8a1f4b7c0d3a6e9f2b5c8d1a4e7f0b3d6a9,root_2025-01-06_f3a6d9
2025-01-06T11:45:57.456Z,rugira_prod,acc_001,coinbasepro,ETH/USDT,ETH,USDT,filled,ord_20250106_002,cli_015,ord_parent_002,sell,limit,GTC,true,3278.90,678,filled,3280.00,2.2,7216.00,trd_012,3280.00,2.2,7216.00,0,USDT,maker,3.4,true,,allow,d6f9a2c5e8b1d4a7c0e3f6b9c2d5e8a1f4b7c0d3a6e9f2b5c8d1a4e7f0b3d6a9,e7a0b3c6d9f2b5c8d1a4e7f0b3d6a9c2e5f8b1d4c7a0e3f6a9b2c5d8e1f4b7a0,root_2025-01-06_f3a6d9
2025-01-07T09:23:12.789Z,rugira_prod,acc_001,okx,SOL/EUR,SOL,EUR,order_submitted,ord_20250107_001,cli_016,,buy,limit,GTC,false,181.23,890,acked,181.00,30.0,5430.00,,,,,,,,,true,,allow,,f8b1d4c7a0e3f6a9b2c5d8e1f4b7a0d3c6e9f2b5c8d1a4e7f0b3d6a9c2e5f8b1,root_2025-01-07_a7b0c3
2025-01-07T09:23:13.234Z,rugira_prod,acc_001,okx,SOL/EUR,SOL,EUR,filled,ord_20250107_001,cli_016,,buy,limit,GTC,false,181.23,890,filled,181.00,30.0,5430.00,trd_013,181.00,30.0,5430.00,5.43,EUR,maker,-12.7,true,,allow,f8b1d4c7a0e3f6a9b2c5d8e1f4b7a0d3c6e9f2b5c8d1a4e7f0b3d6a9c2e5f8b1,a9c2d5e8f1b4c7d0a3e6f9b2c5d8e1f4b7a0d3c6e9f2b5c8d1a4e7f0b3d6a9c2,root_2025-01-07_a7b0c3
2025-01-07T14:34:45.567Z,rugira_prod,acc_001,binance,BTC/USDT,BTC,USDT,order_submitted,ord_20250107_002,cli_017,,sell,limit,GTC,true,95678.90,123,acked,95680.00,0.095,9089.60,,,,,,,,,true,,allow,a9c2d5e8f1b4c7d0a3e6f9b2c5d8e1f4b7a0d3c6e9f2b5c8d1a4e7f0b3d6a9c2,b0d3e6f9c2b5d8e1f4b7a0d3c6e9f2b5c8d1a4e7f0b3d6a9c2e5f8b1d4c7a0e3,root_2025-01-07_a7b0c3
2025-01-07T14:34:46.890Z,rugira_prod,acc_001,binance,BTC/USDT,BTC,USDT,cancelled,ord_20250107_002,cli_017,,sell,limit,GTC,true,95678.90,123,cancelled,95680.00,0.095,9089.60,,,,,,,,,true,,allow,b0d3e6f9c2b5d8e1f4b7a0d3c6e9f2b5c8d1a4e7f0b3d6a9c2e5f8b1d4c7a0e3,c1e4f7a0b3d6e9c2f5b8d1e4a7f0c3d6a9b2e5c8f1d4b7e0a3f6c9d2b5e8a1f4,root_2025-01-07_a7b0c3
2025-01-08T08:12:23.123Z,rugira_prod,acc_001,coinbasepro,BTC/USDT,BTC,USDT,kyt_flag,ord_20250108_001,cli_018,,buy,market,IOC,false,94567.89,234,acked,,0.22,,,,,,,,,,true,,block,,d2f5b8e1a4c7f0b3d6e9c2a5f8b1d4c7a0e3f6a9b2c5d8e1f4b7a0d3c6e9f2,root_2025-01-08_b8c1d4
2025-01-08T08:12:23.456Z,rugira_prod,acc_001,coinbasepro,BTC/USDT,BTC,USDT,cancelled,ord_20250108_001,cli_018,,buy,market,IOC,false,94567.89,234,cancelled,,0.22,,,,,,,,,,true,,block,d2f5b8e1a4c7f0b3d6e9c2a5f8b1d4c7a0e3f6a9b2c5d8e1f4b7a0d3c6e9f2,e3a6f9c2b5d8e1f4b7a0d3c6e9f2b5c8d1a4e7f0b3d6a9c2e5f8b1d4c7a0e3f6,root_2025-01-08_b8c1d4
2025-01-08T10:45:34.789Z,rugira_prod,acc_001,okx,ETH/USDT,ETH,USDT,order_submitted,ord_20250108_002,cli_019,,buy,limit,GTC,false,3334.56,567,acked,3333.00,1.5,4999.50,,,,,,,,,true,,allow,e3a6f9c2b5d8e1f4b7a0d3c6e9f2b5c8d1a4e7f0b3d6a9c2e5f8b1d4c7a0e3f6,f4b7d0a3c6f9e2b5d8c1a4f7e0b3d6a9c2f5e8b1d4a7c0e3f6b9d2c5a8e1f4b7,root_2025-01-08_b8c1d4
2025-01-08T10:45:35.234Z,rugira_prod,acc_001,okx,ETH/USDT,ETH,USDT,filled,ord_20250108_002,cli_019,,buy,limit,GTC,false,3334.56,567,filled,3333.00,1.5,4999.50,trd_014,3333.00,1.5,4999.50,5.00,USDT,maker,-4.7,true,,allow,f4b7d0a3c6f9e2b5d8c1a4f7e0b3d6a9c2f5e8b1d4a7c0e3f6b9d2c5a8e1f4b7,a5c8e1b4d7a0c3f6e9b2d5a8c1f4e7b0d3a6f9c2e5b8d1a4c7f0b3e6d9a2c5f8,root_2025-01-08_b8c1d4
2025-01-09T07:34:12.567Z,rugira_prod,acc_001,binance,SOL/EUR,SOL,EUR,order_submitted,ord_20250109_001,cli_020,,sell,market,IOC,false,177.89,890,acked,,18.0,,,,,,,,,,true,,allow,,b6d9a2c5f8e1b4d7a0c3f6e9b2d5a8c1f4e7b0d3a6f9c2e5b8d1a4c7f0b3e6d9,root_2025-01-09_c9d2e5
2025-01-09T07:34:12.890Z,rugira_prod,acc_001,binance,SOL/EUR,SOL,EUR,filled,ord_20250109_001,cli_020,,sell,market,IOC,false,177.89,890,filled,,18.0,,trd_015,177.85,18.0,3201.30,3.20,EUR,taker,2.2,true,,allow,b6d9a2c5f8e1b4d7a0c3f6e9b2d5a8c1f4e7b0d3a6f9c2e5b8d1a4c7f0b3e6d9,c7e0f3a6d9c2b5e8f1d4a7c0e3f6b9c2d5e8a1f4b7c0d3a6e9f2b5c8d1a4e7f0,root_2025-01-09_c9d2e5
2025-01-09T11:23:45.123Z,rugira_prod,acc_001,coinbasepro,BTC/USDT,BTC,USDT,order_submitted,ord_20250109_002,cli_021,,buy,limit,GTC,true,93456.78,456,acked,93450.00,0.25,23362.50,,,,,,,,,true,,allow,c7e0f3a6d9c2b5e8f1d4a7c0e3f6b9c2d5e8a1f4b7c0d3a6e9f2b5c8d1a4e7f0,d8f1b4c7a0e3f6a9b2c5d8e1f4b7a0d3c6e9f2b5c8d1a4e7f0b3d6a9c2e5f8b1,root_2025-01-09_c9d2e5
2025-01-09T11:23:46.456Z,rugira_prod,acc_001,coinbasepro,BTC/USDT,BTC,USDT,filled,ord_20250109_002,cli_021,,buy,limit,GTC,true,93456.78,456,filled,93450.00,0.25,23362.50,trd_016,93450.00,0.25,23362.50,0,USDT,maker,-7.3,true,,allow,d8f1b4c7a0e3f6a9b2c5d8e1f4b7a0d3c6e9f2b5c8d1a4e7f0b3d6a9c2e5f8b1,e9a2b5c8d1f4b7a0d3c6e9f2b5c8d1a4e7f0b3d6a9c2e5f8b1d4c7a0e3f6a9b2,root_2025-01-09_c9d2e5
2025-01-10T09:12:34.789Z,rugira_prod,acc_001,okx,ETH/USDT,ETH,USDT,order_submitted,ord_20250110_001,cli_022,,sell,limit,GTC,false,3356.78,678,acked,3358.00,2.8,9402.40,,,,,,,,,true,,allow,,f0b3d6a9c2e5f8b1d4c7a0e3f6a9b2c5d8e1f4b7a0d3c6e9f2b5c8d1a4e7f0b3,root_2025-01-10_d0e3f6
2025-01-10T09:12:35.234Z,rugira_prod,acc_001,okx,ETH/USDT,ETH,USDT,filled,ord_20250110_001,cli_022,,sell,limit,GTC,false,3356.78,678,filled,3358.00,2.8,9402.40,trd_017,3358.00,2.8,9402.40,9.40,USDT,maker,3.6,true,,allow,f0b3d6a9c2e5f8b1d4c7a0e3f6a9b2c5d8e1f4b7a0d3c6e9f2b5c8d1a4e7f0b3,a1c4d7e0f3a6b9c2d5e8f1b4a7d0c3f6e9b2d5c8a1f4e7b0d3a6f9c2e5b8d1a4,root_2025-01-10_d0e3f6
2025-01-10T14:45:56.567Z,rugira_prod,acc_001,binance,BTC/USDT,BTC,USDT,order_submitted,ord_20250110_002,cli_023,ord_parent_003,buy,market,IOC,false,94234.56,789,acked,,0.35,,,,,,,,,,true,,allow,a1c4d7e0f3a6b9c2d5e8f1b4a7d0c3f6e9b2d5c8a1f4e7b0d3a6f9c2e5b8d1a4,b2d5e8f1b4c7d0a3e6f9b2c5d8e1f4b7a0d3c6e9f2b5c8d1a4e7f0b3d6a9c2e5,root_2025-01-10_d0e3f6
2025-01-10T14:45:56.890Z,rugira_prod,acc_001,binance,BTC/USDT,BTC,USDT,filled,ord_20250110_002,cli_023,ord_parent_003,buy,market,IOC,false,94234.56,789,filled,,0.35,,trd_018,94237.89,0.35,32983.26,32.98,USDT,taker,3.5,true,,allow,b2d5e8f1b4c7d0a3e6f9b2c5d8e1f4b7a0d3c6e9f2b5c8d1a4e7f0b3d6a9c2e5,c3e6f9b2c5d8e1f4b7a0d3c6e9f2b5c8d1a4e7f0b3d6a9c2e5f8b1d4c7a0e3f6,root_2025-01-10_d0e3f6
2025-01-11T08:23:12.123Z,rugira_prod,acc_001,coinbasepro,SOL/EUR,SOL,EUR,order_submitted,ord_20250111_001,cli_024,,buy,limit,GTC,true,184.56,234,acked,184.50,22.0,4059.00,,,,,,,,,true,,allow,,d4f7a0b3d6e9c2f5b8d1e4a7f0c3d6a9b2e5c8f1d4b7e0a3f6c9d2b5e8a1f4b7,root_2025-01-11_e1f4b7
2025-01-11T08:23:13.456Z,rugira_prod,acc_001,coinbasepro,SOL/EUR,SOL,EUR,filled,ord_20250111_001,cli_024,,buy,limit,GTC,true,184.56,234,filled,184.50,22.0,4059.00,trd_019,184.50,22.0,4059.00,0,EUR,maker,-3.2,true,,allow,d4f7a0b3d6e9c2f5b8d1e4a7f0c3d6a9b2e5c8f1d4b7e0a3f6c9d2b5e8a1f4b7,e5a8b1c4d7f0a3d6b9c2e5f8b1d4c7a0e3f6a9b2c5d8e1f4b7a0d3c6e9f2b5c8,root_2025-01-11_e1f4b7
2025-01-11T10:34:45.789Z,rugira_prod,acc_001,okx,BTC/USDT,BTC,USDT,risk_block,ord_20250111_002,cli_025,,sell,market,IOC,false,95123.45,890,rejected,,0.4,,,,,,,,,,false,max_drawdown_cap,allow,e5a8b1c4d7f0a3d6b9c2e5f8b1d4c7a0e3f6a9b2c5d8e1f4b7a0d3c6e9f2b5c8,f6b9c2d5e8a1f4b7c0d3a6e9f2b5c8d1a4e7f0b3d6a9c2e5f8b1d4c7a0e3f6a9,root_2025-01-11_e1f4b7
2025-01-11T15:12:23.234Z,rugira_prod,acc_001,binance,ETH/USDT,ETH,USDT,order_submitted,ord_20250111_003,cli_026,,buy,limit,GTC,false,3378.90,567,acked,3377.00,1.2,4052.40,,,,,,,,,true,,allow,f6b9c2d5e8a1f4b7c0d3a6e9f2b5c8d1a4e7f0b3d6a9c2e5f8b1d4c7a0e3f6a9,a7c0d3e6f9b2c5d8e1f4b7a0d3c6e9f2b5c8d1a4e7f0b3d6a9c2e5f8b1d4c7a0,root_2025-01-11_e1f4b7
2025-01-11T15:12:24.567Z,rugira_prod,acc_001,binance,ETH/USDT,ETH,USDT,filled,ord_20250111_003,cli_026,,buy,limit,GTC,false,3378.90,567,filled,3377.00,1.2,4052.40,trd_020,3377.00,1.2,4052.40,4.05,USDT,maker,-5.6,true,,allow,a7c0d3e6f9b2c5d8e1f4b7a0d3c6e9f2b5c8d1a4e7f0b3d6a9c2e5f8b1d4c7a0,b8d1e4f7a0b3d6e9c2f5b8d1e4a7f0c3d6a9b2e5c8f1d4b7e0a3f6c9d2b5e8a1,root_2025-01-11_e1f4b7
2025-01-12T07:45:34.890Z,rugira_prod,acc_001,coinbasepro,BTC/USDT,BTC,USDT,order_submitted,ord_20250112_001,cli_027,,sell,limit,GTC,true,94678.90,123,acked,94680.00,0.28,26510.40,,,,,,,,,true,,allow,,c9e2f5b8d1a4c7f0b3d6a9c2e5f8b1d4c7a0e3f6a9b2c5d8e1f4b7a0d3c6e9f2,root_2025-01-12_f2b5c8
2025-01-12T07:45:35.234Z,rugira_prod,acc_001,coinbasepro,BTC/USDT,BTC,USDT,filled,ord_20250112_001,cli_027,,sell,limit,GTC,true,94678.90,123,filled,94680.00,0.28,26510.40,trd_021,94680.00,0.28,26510.40,0,USDT,maker,1.2,true,,allow,c9e2f5b8d1a4c7f0b3d6a9c2e5f8b1d4c7a0e3f6a9b2c5d8e1f4b7a0d3c6e9f2,d0f3a6d9c2b5e8f1d4a7c0e3f6b9c2d5e8a1f4b7c0d3a6e9f2b5c8d1a4e7f0b3,root_2025-01-12_f2b5c8
2025-01-12T11:23:56.567Z,rugira_prod,acc_001,okx,SOL/EUR,SOL,EUR,order_submitted,ord_20250112_002,cli_028,,buy,market,IOC,false,180.12,456,acked,,35.0,,,,,,,,,,true,,allow,d0f3a6d9c2b5e8f1d4a7c0e3f6b9c2d5e8a1f4b7c0d3a6e9f2b5c8d1a4e7f0b3,e1a4b7c0d3f6a9b2e5c8d1f4b7a0d3c6e9f2b5c8d1a4e7f0b3d6a9c2e5f8b1d4,root_2025-01-12_f2b5c8
2025-01-12T11:23:56.890Z,rugira_prod,acc_001,okx,SOL/EUR,SOL,EUR,filled,ord_20250112_002,cli_028,,buy,market,IOC,false,180.12,456,filled,,35.0,,trd_022,180.15,35.0,6305.25,6.31,EUR,taker,1.7,true,,allow,e1a4b7c0d3f6a9b2e5c8d1f4b7a0d3c6e9f2b5c8d1a4e7f0b3d6a9c2e5f8b1d4,f2b5c8d1a4e7f0b3d6a9c2e5f8b1d4c7a0e3f6a9b2c5d8e1f4b7a0d3c6e9f2b5,root_2025-01-12_f2b5c8
2025-01-13T09:34:12.123Z,rugira_prod,acc_001,binance,ETH/USDT,ETH,USDT,order_submitted,ord_20250113_001,cli_029,,sell,limit,GTC,false,3345.67,789,acked,3346.00,3.5,11711.00,,,,,,,,,true,,allow,,a3c6d9f2b5c8d1a4e7f0b3d6a9c2e5f8b1d4c7a0e3f6a9b2c5d8e1f4b7a0d3c6,root_2025-01-13_a3c6d9
2025-01-13T09:34:13.456Z,rugira_prod,acc_001,binance,ETH/USDT,ETH,USDT,filled,ord_20250113_001,cli_029,,sell,limit,GTC,false,3345.67,789,filled,3346.00,3.5,11711.00,trd_023,3346.00,3.5,11711.00,11.71,USDT,maker,1.0,true,,allow,a3c6d9f2b5c8d1a4e7f0b3d6a9c2e5f8b1d4c7a0e3f6a9b2c5d8e1f4b7a0d3c6,b4d7e0f3a6d9c2b5e8f1d4a7c0e3f6b9c2d5e8a1f4b7c0d3a6e9f2b5c8d1a4e7,root_2025-01-13_a3c6d9
2025-01-13T14:12:45.789Z,rugira_prod,acc_001,coinbasepro,BTC/USDT,BTC,USDT,order_submitted,ord_20250113_002,cli_030,ord_parent_004,buy,limit,GTC,false,93789.12,890,acked,93785.00,0.42,39389.70,,,,,,,,,true,,allow,b4d7e0f3a6d9c2b5e8f1d4a7c0e3f6b9c2d5e8a1f4b7c0d3a6e9f2b5c8d1a4e7,c5e8f1b4d7a0c3f6e9b2d5a8c1f4e7b0d3a6f9c2e5b8d1a4c7f0b3e6d9a2c5f8,root_2025-01-13_a3c6d9
2025-01-13T14:12:46.234Z,rugira_prod,acc_001,coinbasepro,BTC/USDT,BTC,USDT,filled,ord_20250113_002,cli_030,ord_parent_004,buy,limit,GTC,false,93789.12,890,filled,93785.00,0.42,39389.70,trd_024,93785.00,0.42,39389.70,39.39,USDT,maker,-4.4,true,,allow,c5e8f1b4d7a0c3f6e9b2d5a8c1f4e7b0d3a6f9c2e5b8d1a4c7f0b3e6d9a2c5f8,d6f9a2c5e8b1d4a7c0e3f6b9c2d5e8a1f4b7c0d3a6e9f2b5c8d1a4e7f0b3d6a9,root_2025-01-13_a3c6d9
2025-01-14T08:23:34.567Z,rugira_prod,acc_001,okx,ETH/USDT,ETH,USDT,kyt_flag,ord_20250114_001,cli_031,,sell,market,IOC,false,3367.89,234,acked,,2.0,,,,,,,,,,true,,review,,e7a0b3c6d9f2b5c8d1a4e7f0b3d6a9c2e5f8b1d4c7a0e3f6a9b2c5d8e1f4b7a0,root_2025-01-14_b4d7e0
2025-01-14T08:23:34.890Z,rugira_prod,acc_001,okx,ETH/USDT,ETH,USDT,filled,ord_20250114_001,cli_031,,sell,market,IOC,false,3367.89,234,filled,,2.0,,trd_025,3367.45,2.0,6734.90,6.73,USDT,taker,13.1,true,,review,e7a0b3c6d9f2b5c8d1a4e7f0b3d6a9c2e5f8b1d4c7a0e3f6a9b2c5d8e1f4b7a0,f8b1d4c7a0e3f6a9b2c5d8e1f4b7a0d3c6e9f2b5c8d1a4e7f0b3d6a9c2e5f8b1,root_2025-01-14_b4d7e0
2025-01-14T10:45:56.234Z,rugira_prod,acc_001,binance,BTC/USDT,BTC,USDT,order_submitted,ord_20250114_002,cli_032,,buy,limit,GTC,true,94456.78,567,acked,94450.00,0.32,30224.00,,,,,,,,,true,,allow,f8b1d4c7a0e3f6a9b2c5d8e1f4b7a0d3c6e9f2b5c8d1a4e7f0b3d6a9c2e5f8b1,a9c2d5e8f1b4c7d0a3e6f9b2c5d8e1f4b7a0d3c6e9f2b5c8d1a4e7f0b3d6a9c2,root_2025-01-14_b4d7e0
2025-01-14T10:45:57.567Z,rugira_prod,acc_001,binance,BTC/USDT,BTC,USDT,filled,ord_20250114_002,cli_032,,buy,limit,GTC,true,94456.78,567,filled,94450.00,0.32,30224.00,trd_026,94450.00,0.32,30224.00,0,USDT,maker,-7.2,true,,allow,a9c2d5e8f1b4c7d0a3e6f9b2c5d8e1f4b7a0d3c6e9f2b5c8d1a4e7f0b3d6a9c2,b0d3e6f9c2b5d8e1f4b7a0d3c6e9f2b5c8d1a4e7f0b3d6a9c2e5f8b1d4c7a0e3,root_2025-01-14_b4d7e0
2025-01-15T07:12:12.890Z,rugira_prod,acc_001,coinbasepro,SOL/EUR,SOL,EUR,order_submitted,ord_20250115_001,cli_033,,sell,limit,GTC,false,183.45,678,acked,183.50,28.0,5138.00,,,,,,,,,true,,allow,,c1e4f7a0b3d6e9c2f5b8d1e4a7f0c3d6a9b2e5c8f1d4b7e0a3f6c9d2b5e8a1f4,root_2025-01-15_c5e8f1
2025-01-15T07:12:13.234Z,rugira_prod,acc_001,coinbasepro,SOL/EUR,SOL,EUR,filled,ord_20250115_001,cli_033,,sell,limit,GTC,false,183.45,678,filled,183.50,28.0,5138.00,trd_027,183.50,28.0,5138.00,5.14,EUR,maker,2.7,true,,allow,c1e4f7a0b3d6e9c2f5b8d1e4a7f0c3d6a9b2e5c8f1d4b7e0a3f6c9d2b5e8a1f4,d2f5b8e1a4c7f0b3d6e9c2a5f8b1d4c7a0e3f6a9b2c5d8e1f4b7a0d3c6e9f2b5,root_2025-01-15_c5e8f1
2025-01-15T11:34:45.567Z,rugira_prod,acc_001,okx,BTC/USDT,BTC,USDT,order_submitted,ord_20250115_002,cli_034,,buy,market,IOC,false,95234.56,789,acked,,0.38,,,,,,,,,,true,,allow,d2f5b8e1a4c7f0b3d6e9c2a5f8b1d4c7a0e3f6a9b2c5d8e1f4b7a0d3c6e9f2b5,e3a6f9c2b5d8e1f4b7a0d3c6e9f2b5c8d1a4e7f0b3d6a9c2e5f8b1d4c7a0e3f6,root_2025-01-15_c5e8f1
2025-01-15T11:34:45.890Z,rugira_prod,acc_001,okx,BTC/USDT,BTC,USDT,filled,ord_20250115_002,cli_034,,buy,market,IOC,false,95234.56,789,filled,,0.38,,trd_028,95237.12,0.38,36190.11,36.19,USDT,taker,2.7,true,,allow,e3a6f9c2b5d8e1f4b7a0d3c6e9f2b5c8d1a4e7f0b3d6a9c2e5f8b1d4c7a0e3f6,f4b7d0a3c6f9e2b5d8c1a4f7e0b3d6a9c2f5e8b1d4a7c0e3f6b9d2c5a8e1f4b7,root_2025-01-15_c5e8f1
2025-01-16T09:23:23.123Z,rugira_prod,acc_001,binance,ETH/USDT,ETH,USDT,order_submitted,ord_20250116_001,cli_035,,sell,limit,GTC,true,3389.12,890,acked,3390.00,2.3,7797.00,,,,,,,,,true,,allow,,a5c8e1b4d7a0c3f6e9b2d5a8c1f4e7b0d3a6f9c2e5b8d1a4c7f0b3e6d9a2c5f8,root_2025-01-16_d6f9a2
2025-01-16T09:23:24.456Z,rugira_prod,acc_001,binance,ETH/USDT,ETH,USDT,filled,ord_20250116_001,cli_035,,sell,limit,GTC,true,3389.12,890,filled,3390.00,2.3,7797.00,trd_029,3390.00,2.3,7797.00,0,USDT,maker,2.6,true,,allow,a5c8e1b4d7a0c3f6e9b2d5a8c1f4e7b0d3a6f9c2e5b8d1a4c7f0b3e6d9a2c5f8,b6d9a2c5f8e1b4d7a0c3f6e9b2d5a8c1f4e7b0d3a6f9c2e5b8d1a4c7f0b3e6d9,root_2025-01-16_d6f9a2
2025-01-16T14:45:12.789Z,rugira_prod,acc_001,coinbasepro,BTC/USDT,BTC,USDT,risk_block,ord_20250116_002,cli_036,,buy,market,IOC,false,94567.89,123,rejected,,0.5,,,,,,,,,,false,position_limit,allow,b6d9a2c5f8e1b4d7a0c3f6e9b2d5a8c1f4e7b0d3a6f9c2e5b8d1a4c7f0b3e6d9,c7e0f3a6d9c2b5e8f1d4a7c0e3f6b9c2d5e8a1f4b7c0d3a6e9f2b5c8d1a4e7f0,root_2025-01-16_d6f9a2
2025-01-17T08:34:34.234Z,rugira_prod,acc_001,okx,SOL/EUR,SOL,EUR,order_submitted,ord_20250117_001,cli_037,,buy,limit,GTC,false,185.67,456,acked,185.50,40.0,7420.00,,,,,,,,,true,,allow,,d8f1b4c7a0e3f6a9b2c5d8e1f4b7a0d3c6e9f2b5c8d1a4e7f0b3d6a9c2e5f8b1,root_2025-01-17_e7a0b3
2025-01-17T08:34:35.567Z,rugira_prod,acc_001,okx,SOL/EUR,SOL,EUR,filled,ord_20250117_001,cli_037,,buy,limit,GTC,false,185.67,456,filled,185.50,40.0,7420.00,trd_030,185.50,40.0,7420.00,7.42,EUR,maker,-9.2,true,,allow,d8f1b4c7a0e3f6a9b2c5d8e1f4b7a0d3c6e9f2b5c8d1a4e7f0b3d6a9c2e5f8b1,e9a2b5c8d1f4b7a0d3c6e9f2b5c8d1a4e7f0b3d6a9c2e5f8b1d4c7a0e3f6a9b2,root_2025-01-17_e7a0b3
2025-01-17T10:56:45.890Z,rugira_prod,acc_001,binance,BTC/USDT,BTC,USDT,order_submitted,ord_20250117_002,cli_038,ord_parent_005,sell,limit,GTC,false,95678.90,567,acked,95680.00,0.18,17222.40,,,,,,,,,true,,allow,e9a2b5c8d1f4b7a0d3c6e9f2b5c8d1a4e7f0b3d6a9c2e5f8b1d4c7a0e3f6a9b2,f0b3d6a9c2e5f8b1d4c7a0e3f6a9b2c5d8e1f4b7a0d3c6e9f2b5c8d1a4e7f0b3,root_2025-01-17_e7a0b3
2025-01-17T10:56:46.234Z,rugira_prod,acc_001,binance,BTC/USDT,BTC,USDT,filled,ord_20250117_002,cli_038,ord_parent_005,sell,limit,GTC,false,95678.90,567,filled,95680.00,0.18,17222.40,trd_031,95680.00,0.18,17222.40,17.22,USDT,maker,1.1,true,,allow,f0b3d6a9c2e5f8b1d4c7a0e3f6a9b2c5d8e1f4b7a0d3c6e9f2b5c8d1a4e7f0b3,a1c4d7e0f3a6b9c2d5e8f1b4a7d0c3f6e9b2d5c8a1f4e7b0d3a6f9c2e5b8d1a4,root_2025-01-17_e7a0b3
2025-01-18T07:23:12.567Z,rugira_prod,acc_001,coinbasepro,ETH/USDT,ETH,USDT,order_submitted,ord_20250118_001,cli_039,,buy,limit,GTC,true,3412.34,678,acked,3410.00,1.7,5797.00,,,,,,,,,true,,allow,,b2d5e8f1b4c7d0a3e6f9b2c5d8e1f4b7a0d3c6e9f2b5c8d1a4e7f0b3d6a9c2e5,root_2025-01-18_f8b1d4
2025-01-18T07:23:13.890Z,rugira_prod,acc_001,coinbasepro,ETH/USDT,ETH,USDT,filled,ord_20250118_001,cli_039,,buy,limit,GTC,true,3412.34,678,filled,3410.00,1.7,5797.00,trd_032,3410.00,1.7,5797.00,0,USDT,maker,-6.9,true,,allow,b2d5e8f1b4c7d0a3e6f9b2c5d8e1f4b7a0d3c6e9f2b5c8d1a4e7f0b3d6a9c2e5,c3e6f9b2c5d8e1f4b7a0d3c6e9f2b5c8d1a4e7f0b3d6a9c2e5f8b1d4c7a0e3f6,root_2025-01-18_f8b1d4
2025-01-18T11:45:34.234Z,rugira_prod,acc_001,okx,BTC/USDT,BTC,USDT,order_submitted,ord_20250118_002,cli_040,,sell,market,IOC,false,94123.45,789,acked,,0.45,,,,,,,,,,true,,allow,c3e6f9b2c5d8e1f4b7a0d3c6e9f2b5c8d1a4e7f0b3d6a9c2e5f8b1d4c7a0e3f6,d4f7a0b3d6e9c2f5b8d1e4a7f0c3d6a9b2e5c8f1d4b7e0a3f6c9d2b5e8a1f4b7,root_2025-01-18_f8b1d4
2025-01-18T11:45:34.567Z,rugira_prod,acc_001,okx,BTC/USDT,BTC,USDT,filled,ord_20250118_002,cli_040,,sell,market,IOC,false,94123.45,789,filled,,0.45,,trd_033,94120.89,0.45,42354.40,42.35,USDT,taker,2.7,true,,allow,d4f7a0b3d6e9c2f5b8d1e4a7f0c3d6a9b2e5c8f1d4b7e0a3f6c9d2b5e8a1f4b7,e5a8b1c4d7f0a3d6b9c2e5f8b1d4c7a0e3f6a9b2c5d8e1f4b7a0d3c6e9f2b5c8,root_2025-01-18_f8b1d4
2025-01-19T09:12:56.890Z,rugira_prod,acc_001,binance,SOL/EUR,SOL,EUR,order_submitted,ord_20250119_001,cli_041,,buy,limit,GTC,false,186.78,890,acked,186.50,32.0,5968.00,,,,,,,,,true,,allow,,f6b9c2d5e8a1f4b7c0d3a6e9f2b5c8d1a4e7f0b3d6a9c2e5f8b1d4c7a0e3f6a9,root_2025-01-19_a9c2d5
2025-01-19T09:12:57.234Z,rugira_prod,acc_001,binance,SOL/EUR,SOL,EUR,filled,ord_20250119_001,cli_041,,buy,limit,GTC,false,186.78,890,filled,186.50,32.0,5968.00,trd_034,186.50,32.0,5968.00,5.97,EUR,maker,-15.0,true,,allow,f6b9c2d5e8a1f4b7c0d3a6e9f2b5c8d1a4e7f0b3d6a9c2e5f8b1d4c7a0e3f6a9,a7c0d3e6f9b2c5d8e1f4b7a0d3c6e9f2b5c8d1a4e7f0b3d6a9c2e5f8b1d4c7a0,root_2025-01-19_a9c2d5
2025-01-19T14:34:12.567Z,rugira_prod,acc_001,coinbasepro,BTC/USDT,BTC,USDT,order_submitted,ord_20250119_002,cli_042,,sell,limit,GTC,true,93456.78,123,acked,93458.00,0.55,51401.90,,,,,,,,,true,,allow,a7c0d3e6f9b2c5d8e1f4b7a0d3c6e9f2b5c8d1a4e7f0b3d6a9c2e5f8b1d4c7a0,b8d1e4f7a0b3d6e9c2f5b8d1e4a7f0c3d6a9b2e5c8f1d4b7e0a3f6c9d2b5e8a1,root_2025-01-19_a9c2d5
2025-01-19T14:34:13.890Z,rugira_prod,acc_001,coinbasepro,BTC/USDT,BTC,USDT,filled,ord_20250119_002,cli_042,,sell,limit,GTC,true,93456.78,123,filled,93458.00,0.55,51401.90,trd_035,93458.00,0.55,51401.90,0,USDT,maker,1.3,true,,allow,b8d1e4f7a0b3d6e9c2f5b8d1e4a7f0c3d6a9b2e5c8f1d4b7e0a3f6c9d2b5e8a1,c9e2f5b8d1a4c7f0b3d6a9c2e5f8b1d4c7a0e3f6a9b2c5d8e1f4b7a0d3c6e9f2,root_2025-01-19_a9c2d5
2025-01-20T08:45:23.234Z,rugira_prod,acc_001,okx,ETH/USDT,ETH,USDT,kyt_flag,ord_20250120_001,cli_043,,buy,market,IOC,false,3423.56,456,acked,,1.9,,,,,,,,,,true,,review,,d0f3a6d9c2b5e8f1d4a7c0e3f6b9c2d5e8a1f4b7c0d3a6e9f2b5c8d1a4e7f0b3,root_2025-01-20_b0d3e6
2025-01-20T08:45:23.567Z,rugira_prod,acc_001,okx,ETH/USDT,ETH,USDT,filled,ord_20250120_001,cli_043,,buy,market,IOC,false,3423.56,456,filled,,1.9,,trd_036,3424.12,1.9,6505.83,6.51,USDT,taker,1.6,true,,review,d0f3a6d9c2b5e8f1d4a7c0e3f6b9c2d5e8a1f4b7c0d3a6e9f2b5c8d1a4e7f0b3,e1a4b7c0d3f6a9b2e5c8d1f4b7a0d3c6e9f2b5c8d1a4e7f0b3d6a9c2e5f8b1d4,root_2025-01-20_b0d3e6
2025-01-20T10:23:45.890Z,rugira_prod,acc_001,binance,BTC/USDT,BTC,USDT,order_submitted,ord_20250120_002,cli_044,ord_parent_006,buy,limit,GTC,false,94890.12,567,acked,94888.00,0.23,21824.24,,,,,,,,,true,,allow,e1a4b7c0d3f6a9b2e5c8d1f4b7a0d3c6e9f2b5c8d1a4e7f0b3d6a9c2e5f8b1d4,f2b5c8d1a4e7f0b3d6a9c2e5f8b1d4c7a0e3f6a9b2c5d8e1f4b7a0d3c6e9f2b5,root_2025-01-20_b0d3e6
2025-01-20T10:23:46.234Z,rugira_prod,acc_001,binance,BTC/USDT,BTC,USDT,filled,ord_20250120_002,cli_044,ord_parent_006,buy,limit,GTC,false,94890.12,567,filled,94888.00,0.23,21824.24,trd_037,94888.00,0.23,21824.24,21.82,USDT,maker,-2.2,true,,allow,f2b5c8d1a4e7f0b3d6a9c2e5f8b1d4c7a0e3f6a9b2c5d8e1f4b7a0d3c6e9f2b5,a3c6d9f2b5c8d1a4e7f0b3d6a9c2e5f8b1d4c7a0e3f6a9b2c5d8e1f4b7a0d3c6,root_2025-01-20_b0d3e6
2025-01-21T07:34:56.567Z,rugira_prod,acc_001,coinbasepro,SOL/EUR,SOL,EUR,order_submitted,ord_20250121_001,cli_045,,sell,limit,GTC,true,187.89,678,acked,188.00,38.0,7144.00,,,,,,,,,true,,allow,,b4d7e0f3a6d9c2b5e8f1d4a7c0e3f6b9c2d5e8a1f4b7c0d3a6e9f2b5c8d1a4e7,root_2025-01-21_c1e4f7
2025-01-21T07:34:57.890Z,rugira_prod,acc_001,coinbasepro,SOL/EUR,SOL,EUR,filled,ord_20250121_001,cli_045,,sell,limit,GTC,true,187.89,678,filled,188.00,38.0,7144.00,trd_038,188.00,38.0,7144.00,0,EUR,maker,5.9,true,,allow,b4d7e0f3a6d9c2b5e8f1d4a7c0e3f6b9c2d5e8a1f4b7c0d3a6e9f2b5c8d1a4e7,c5e8f1b4d7a0c3f6e9b2d5a8c1f4e7b0d3a6f9c2e5b8d1a4c7f0b3e6d9a2c5f8,root_2025-01-21_c1e4f7
2025-01-21T11:12:12.234Z,rugira_prod,acc_001,okx,BTC/USDT,BTC,USDT,order_submitted,ord_20250121_002,cli_046,,buy,market,IOC,false,95345.67,789,acked,,0.26,,,,,,,,,,true,,allow,c5e8f1b4d7a0c3f6e9b2d5a8c1f4e7b0d3a6f9c2e5b8d1a4c7f0b3e6d9a2c5f8,d6f9a2c5e8b1d4a7c0e3f6b9c2d5e8a1f4b7c0d3a6e9f2b5c8d1a4e7f0b3d6a9,root_2025-01-21_c1e4f7
2025-01-21T11:12:12.567Z,rugira_prod,acc_001,okx,BTC/USDT,BTC,USDT,filled,ord_20250121_002,cli_046,,buy,market,IOC,false,95345.67,789,filled,,0.26,,trd_039,95348.23,0.26,24790.54,24.79,USDT,taker,2.7,true,,allow,d6f9a2c5e8b1d4a7c0e3f6b9c2d5e8a1f4b7c0d3a6e9f2b5c8d1a4e7f0b3d6a9,e7a0b3c6d9f2b5c8d1a4e7f0b3d6a9c2e5f8b1d4c7a0e3f6a9b2c5d8e1f4b7a0,root_2025-01-21_c1e4f7
2025-01-22T09:45:34.890Z,rugira_prod,acc_001,binance,ETH/USDT,ETH,USDT,order_submitted,ord_20250122_001,cli_047,,sell,limit,GTC,false,3434.56,890,acked,3435.00,2.7,9274.50,,,,,,,,,true,,allow,,f8b1d4c7a0e3f6a9b2c5d8e1f4b7a0d3c6e9f2b5c8d1a4e7f0b3d6a9c2e5f8b1,root_2025-01-22_d2f5b8
2025-01-22T09:45:35.234Z,rugira_prod,acc_001,binance,ETH/USDT,ETH,USDT,filled,ord_20250122_001,cli_047,,sell,limit,GTC,false,3434.56,890,filled,3435.00,2.7,9274.50,trd_040,3435.00,2.7,9274.50,9.27,USDT,maker,1.3,true,,allow,f8b1d4c7a0e3f6a9b2c5d8e1f4b7a0d3c6e9f2b5c8d1a4e7f0b3d6a9c2e5f8b1,a9c2d5e8f1b4c7d0a3e6f9b2c5d8e1f4b7a0d3c6e9f2b5c8d1a4e7f0b3d6a9c2,root_2025-01-22_d2f5b8
2025-01-22T14:23:56.567Z,rugira_prod,acc_001,coinbasepro,BTC/USDT,BTC,USDT,risk_block,ord_20250122_002,cli_048,,buy,market,IOC,false,93678.90,123,rejected,,0.6,,,,,,,,,,false,max_drawdown_cap,allow,a9c2d5e8f1b4c7d0a3e6f9b2c5d8e1f4b7a0d3c6e9f2b5c8d1a4e7f0b3d6a9c2,b0d3e6f9c2b5d8e1f4b7a0d3c6e9f2b5c8d1a4e7f0b3d6a9c2e5f8b1d4c7a0e3,root_2025-01-22_d2f5b8
2025-01-23T08:12:12.234Z,rugira_prod,acc_001,okx,SOL/EUR,SOL,EUR,order_submitted,ord_20250123_001,cli_049,,buy,limit,GTC,true,189.12,456,acked,189.00,45.0,8505.00,,,,,,,,,true,,allow,,c1e4f7a0b3d6e9c2f5b8d1e4a7f0c3d6a9b2e5c8f1d4b7e0a3f6c9d2b5e8a1f4,root_2025-01-23_e3a6f9
2025-01-23T08:12:13.567Z,rugira_prod,acc_001,okx,SOL/EUR,SOL,EUR,filled,ord_20250123_001,cli_049,,buy,limit,GTC,true,189.12,456,filled,189.00,45.0,8505.00,trd_041,189.00,45.0,8505.00,0,EUR,maker,-6.3,true,,allow,c1e4f7a0b3d6e9c2f5b8d1e4a7f0c3d6a9b2e5c8f1d4b7e0a3f6c9d2b5e8a1f4,d2f5b8e1a4c7f0b3d6e9c2a5f8b1d4c7a0e3f6a9b2c5d8e1f4b7a0d3c6e9f2b5,root_2025-01-23_e3a6f9
2025-01-23T10:34:45.890Z,rugira_prod,acc_001,binance,BTC/USDT,BTC,USDT,order_submitted,ord_20250123_002,cli_050,ord_parent_007,sell,limit,GTC,false,94234.56,567,acked,94235.00,0.33,31097.55,,,,,,,,,true,,allow,d2f5b8e1a4c7f0b3d6e9c2a5f8b1d4c7a0e3f6a9b2c5d8e1f4b7a0d3c6e9f2b5,e3a6f9c2b5d8e1f4b7a0d3c6e9f2b5c8d1a4e7f0b3d6a9c2e5f8b1d4c7a0e3f6,root_2025-01-23_e3a6f9
2025-01-23T10:34:46.234Z,rugira_prod,acc_001,binance,BTC/USDT,BTC,USDT,filled,ord_20250123_002,cli_050,ord_parent_007,sell,limit,GTC,false,94234.56,567,filled,94235.00,0.33,31097.55,trd_042,94235.00,0.33,31097.55,31.10,USDT,maker,1.5,true,,allow,e3a6f9c2b5d8e1f4b7a0d3c6e9f2b5c8d1a4e7f0b3d6a9c2e5f8b1d4c7a0e3f6,f4b7d0a3c6f9e2b5d8c1a4f7e0b3d6a9c2f5e8b1d4a7c0e3f6b9d2c5a8e1f4b7,root_2025-01-23_e3a6f9
2025-01-24T07:56:23.567Z,rugira_prod,acc_001,coinbasepro,ETH/USDT,ETH,USDT,order_submitted,ord_20250124_001,cli_051,,buy,limit,GTC,true,3456.78,678,acked,3455.00,1.4,4837.00,,,,,,,,,true,,allow,,a5c8e1b4d7a0c3f6e9b2d5a8c1f4e7b0d3a6f9c2e5b8d1a4c7f0b3e6d9a2c5f8,root_2025-01-24_f4b7d0
2025-01-24T07:56:24.890Z,rugira_prod,acc_001,coinbasepro,ETH/USDT,ETH,USDT,filled,ord_20250124_001,cli_051,,buy,limit,GTC,true,3456.78,678,filled,3455.00,1.4,4837.00,trd_043,3455.00,1.4,4837.00,0,USDT,maker,-5.1,true,,allow,a5c8e1b4d7a0c3f6e9b2d5a8c1f4e7b0d3a6f9c2e5b8d1a4c7f0b3e6d9a2c5f8,b6d9a2c5f8e1b4d7a0c3f6e9b2d5a8c1f4e7b0d3a6f9c2e5b8d1a4c7f0b3e6d9,root_2025-01-24_f4b7d0
2025-01-24T11:23:34.234Z,rugira_prod,acc_001,okx,BTC/USDT,BTC,USDT,order_submitted,ord_20250124_002,cli_052,,sell,market,IOC,false,95789.12,789,acked,,0.29,,,,,,,,,,true,,allow,b6d9a2c5f8e1b4d7a0c3f6e9b2d5a8c1f4e7b0d3a6f9c2e5b8d1a4c7f0b3e6d9,c7e0f3a6d9c2b5e8f1d4a7c0e3f6b9c2d5e8a1f4b7c0d3a6e9f2b5c8d1a4e7f0,root_2025-01-24_f4b7d0
2025-01-24T11:23:34.567Z,rugira_prod,acc_001,okx,BTC/USDT,BTC,USDT,filled,ord_20250124_002,cli_052,,sell,market,IOC,false,95789.12,789,filled,,0.29,,trd_044,95786.45,0.29,27778.07,27.78,USDT,taker,2.8,true,,allow,c7e0f3a6d9c2b5e8f1d4a7c0e3f6b9c2d5e8a1f4b7c0d3a6e9f2b5c8d1a4e7f0,d8f1b4c7a0e3f6a9b2c5d8e1f4b7a0d3c6e9f2b5c8d1a4e7f0b3d6a9c2e5f8b1,root_2025-01-24_f4b7d0
2025-01-25T09:12:45.890Z,rugira_prod,acc_001,binance,SOL/EUR,SOL,EUR,order_submitted,ord_20250125_001,cli_053,,buy,limit,GTC,false,190.23,890,acked,190.00,50.0,9500.00,,,,,,,,,true,,allow,,e9a2b5c8d1f4b7a0d3c6e9f2b5c8d1a4e7f0b3d6a9c2e5f8b1d4c7a0e3f6a9b2,root_2025-01-25_a5c8e1
2025-01-25T09:12:46.234Z,rugira_prod,acc_001,binance,SOL/EUR,SOL,EUR,filled,ord_20250125_001,cli_053,,buy,limit,GTC,false,190.23,890,filled,190.00,50.0,9500.00,trd_045,190.00,50.0,9500.00,9.50,EUR,maker,-12.1,true,,allow,e9a2b5c8d1f4b7a0d3c6e9f2b5c8d1a4e7f0b3d6a9c2e5f8b1d4c7a0e3f6a9b2,f0b3d6a9c2e5f8b1d4c7a0e3f6a9b2c5d8e1f4b7a0d3c6e9f2b5c8d1a4e7f0b3,root_2025-01-25_a5c8e1
2025-01-25T14:34:56.567Z,rugira_prod,acc_001,coinbasepro,BTC/USDT,BTC,USDT,order_submitted,ord_20250125_002,cli_054,,sell,limit,GTC,true,93890.12,123,acked,93892.00,0.37,34740.04,,,,,,,,,true,,allow,f0b3d6a9c2e5f8b1d4c7a0e3f6a9b2c5d8e1f4b7a0d3c6e9f2b5c8d1a4e7f0b3,a1c4d7e0f3a6b9c2d5e8f1b4a7d0c3f6e9b2d5c8a1f4e7b0d3a6f9c2e5b8d1a4,root_2025-01-25_a5c8e1
2025-01-25T14:34:57.890Z,rugira_prod,acc_001,coinbasepro,BTC/USDT,BTC,USDT,filled,ord_20250125_002,cli_054,,sell,limit,GTC,true,93890.12,123,filled,93892.00,0.37,34740.04,trd_046,93892.00,0.37,34740.04,0,USDT,maker,2.0,true,,allow,a1c4d7e0f3a6b9c2d5e8f1b4a7d0c3f6e9b2d5c8a1f4e7b0d3a6f9c2e5b8d1a4,b2d5e8f1b4c7d0a3e6f9b2c5d8e1f4b7a0d3c6e9f2b5c8d1a4e7f0b3d6a9c2e5,root_2025-01-25_a5c8e1
2025-01-26T08:23:12.234Z,rugira_prod,acc_001,okx,ETH/USDT,ETH,USDT,kyt_flag,ord_20250126_001,cli_055,,buy,market,IOC,false,3467.89,456,acked,,2.5,,,,,,,,,,true,,block,,c3e6f9b2c5d8e1f4b7a0d3c6e9f2b5c8d1a4e7f0b3d6a9c2e5f8b1d4c7a0e3f6,root_2025-01-26_b6d9a2
2025-01-26T08:23:12.567Z,rugira_prod,acc_001,okx,ETH/USDT,ETH,USDT,cancelled,ord_20250126_001,cli_055,,buy,market,IOC,false,3467.89,456,cancelled,,2.5,,,,,,,,,,true,,block,c3e6f9b2c5d8e1f4b7a0d3c6e9f2b5c8d1a4e7f0b3d6a9c2e5f8b1d4c7a0e3f6,d4f7a0b3d6e9c2f5b8d1e4a7f0c3d6a9b2e5c8f1d4b7e0a3f6c9d2b5e8a1f4b7,root_2025-01-26_b6d9a2
2025-01-26T10:45:34.890Z,rugira_prod,acc_001,binance,BTC/USDT,BTC,USDT,order_submitted,ord_20250126_002,cli_056,ord_parent_008,buy,limit,GTC,false,94567.89,567,acked,94565.00,0.24,22695.60,,,,,,,,,true,,allow,d4f7a0b3d6e9c2f5b8d1e4a7f0c3d6a9b2e5c8f1d4b7e0a3f6c9d2b5e8a1f4b7,e5a8b1c4d7f0a3d6b9c2e5f8b1d4c7a0e3f6a9b2c5d8e1f4b7a0d3c6e9f2b5c8,root_2025-01-26_b6d9a2
2025-01-26T10:45:35.234Z,rugira_prod,acc_001,binance,BTC/USDT,BTC,USDT,filled,ord_20250126_002,cli_056,ord_parent_008,buy,limit,GTC,false,94567.89,567,filled,94565.00,0.24,22695.60,trd_047,94565.00,0.24,22695.60,22.70,USDT,maker,-3.1,true,,allow,e5a8b1c4d7f0a3d6b9c2e5f8b1d4c7a0e3f6a9b2c5d8e1f4b7a0d3c6e9f2b5c8,f6b9c2d5e8a1f4b7c0d3a6e9f2b5c8d1a4e7f0b3d6a9c2e5f8b1d4c7a0e3f6a9,root_2025-01-26_b6d9a2
2025-01-27T07:12:56.567Z,rugira_prod,acc_001,coinbasepro,SOL/EUR,SOL,EUR,order_submitted,ord_20250127_001,cli_057,,sell,limit,GTC,true,191.34,678,acked,191.50,42.0,8043.00,,,,,,,,,true,,allow,,a7c0d3e6f9b2c5d8e1f4b7a0d3c6e9f2b5c8d1a4e7f0b3d6a9c2e5f8b1d4c7a0,root_2025-01-27_c7e0f3
2025-01-27T07:12:57.890Z,rugira_prod,acc_001,coinbasepro,SOL/EUR,SOL,EUR,filled,ord_20250127_001,cli_057,,sell,limit,GTC,true,191.34,678,filled,191.50,42.0,8043.00,trd_048,191.50,42.0,8043.00,0,EUR,maker,8.4,true,,allow,a7c0d3e6f9b2c5d8e1f4b7a0d3c6e9f2b5c8d1a4e7f0b3d6a9c2e5f8b1d4c7a0,b8d1e4f7a0b3d6e9c2f5b8d1e4a7f0c3d6a9b2e5c8f1d4b7e0a3f6c9d2b5e8a1,root_2025-01-27_c7e0f3
2025-01-27T11:34:12.234Z,rugira_prod,acc_001,okx,BTC/USDT,BTC,USDT,order_submitted,ord_20250127_002,cli_058,,buy,market,IOC,false,95123.45,789,acked,,0.31,,,,,,,,,,true,,allow,b8d1e4f7a0b3d6e9c2f5b8d1e4a7f0c3d6a9b2e5c8f1d4b7e0a3f6c9d2b5e8a1,c9e2f5b8d1a4c7f0b3d6a9c2e5f8b1d4c7a0e3f6a9b2c5d8e1f4b7a0d3c6e9f2,root_2025-01-27_c7e0f3
2025-01-27T11:34:12.567Z,rugira_prod,acc_001,okx,BTC/USDT,BTC,USDT,filled,ord_20250127_002,cli_058,,buy,market,IOC,false,95123.45,789,filled,,0.31,,trd_049,95126.78,0.31,29489.30,29.49,USDT,taker,3.5,true,,allow,c9e2f5b8d1a4c7f0b3d6a9c2e5f8b1d4c7a0e3f6a9b2c5d8e1f4b7a0d3c6e9f2,d0f3a6d9c2b5e8f1d4a7c0e3f6b9c2d5e8a1f4b7c0d3a6e9f2b5c8d1a4e7f0b3,root_2025-01-27_c7e0f3
2025-01-28T09:45:23.890Z,rugira_prod,acc_001,binance,ETH/USDT,ETH,USDT,order_submitted,ord_20250128_001,cli_059,,sell,limit,GTC,false,3478.90,890,acked,3480.00,3.2,11136.00,,,,,,,,,true,,allow,,e1a4b7c0d3f6a9b2e5c8d1f4b7a0d3c6e9f2b5c8d1a4e7f0b3d6a9c2e5f8b1d4,root_2025-01-28_d8f1b4
2025-01-28T09:45:24.234Z,rugira_prod,acc_001,binance,ETH/USDT,ETH,USDT,filled,ord_20250128_001,cli_059,,sell,limit,GTC,false,3478.90,890,filled,3480.00,3.2,11136.00,trd_050,3480.00,3.2,11136.00,11.14,USDT,maker,3.2,true,,allow,e1a4b7c0d3f6a9b2e5c8d1f4b7a0d3c6e9f2b5c8d1a4e7f0b3d6a9c2e5f8b1d4,f2b5c8d1a4e7f0b3d6a9c2e5f8b1d4c7a0e3f6a9b2c5d8e1f4b7a0d3c6e9f2b5,root_2025-01-28_d8f1b4
2025-01-28T14:23:45.567Z,rugira_prod,acc_001,coinbasepro,BTC/USDT,BTC,USDT,risk_block,ord_20250128_002,cli_060,,buy,market,IOC,false,94234.56,123,rejected,,0.48,,,,,,,,,,false,position_limit,allow,f2b5c8d1a4e7f0b3d6a9c2e5f8b1d4c7a0e3f6a9b2c5d8e1f4b7a0d3c6e9f2b5,a3c6d9f2b5c8d1a4e7f0b3d6a9c2e5f8b1d4c7a0e3f6a9b2c5d8e1f4b7a0d3c6,root_2025-01-28_d8f1b4
2025-01-29T08:12:34.234Z,rugira_prod,acc_001,okx,SOL/EUR,SOL,EUR,order_submitted,ord_20250129_001,cli_061,,buy,limit,GTC,true,192.45,456,acked,192.50,48.0,9240.00,,,,,,,,,true,,allow,,b4d7e0f3a6d9c2b5e8f1d4a7c0e3f6b9c2d5e8a1f4b7c0d3a6e9f2b5c8d1a4e7,root_2025-01-29_e9a2b5
2025-01-29T08:12:35.567Z,rugira_prod,acc_001,okx,SOL/EUR,SOL,EUR,filled,ord_20250129_001,cli_061,,buy,limit,GTC,true,192.45,456,filled,192.50,48.0,9240.00,trd_051,192.50,48.0,9240.00,0,EUR,maker,2.6,true,,allow,b4d7e0f3a6d9c2b5e8f1d4a7c0e3f6b9c2d5e8a1f4b7c0d3a6e9f2b5c8d1a4e7,c5e8f1b4d7a0c3f6e9b2d5a8c1f4e7b0d3a6f9c2e5b8d1a4c7f0b3e6d9a2c5f8,root_2025-01-29_e9a2b5
2025-01-29T10:34:56.890Z,rugira_prod,acc_001,binance,BTC/USDT,BTC,USDT,order_submitted,ord_20250129_002,cli_062,ord_parent_009,sell,limit,GTC,false,95456.78,567,acked,95458.00,0.27,25773.66,,,,,,,,,true,,allow,c5e8f1b4d7a0c3f6e9b2d5a8c1f4e7b0d3a6f9c2e5b8d1a4c7f0b3e6d9a2c5f8,d6f9a2c5e8b1d4a7c0e3f6b9c2d5e8a1f4b7c0d3a6e9f2b5c8d1a4e7f0b3d6a9,root_2025-01-29_e9a2b5
2025-01-29T10:34:57.234Z,rugira_prod,acc_001,binance,BTC/USDT,BTC,USDT,filled,ord_20250129_002,cli_062,ord_parent_009,sell,limit,GTC,false,95456.78,567,filled,95458.00,0.27,25773.66,trd_052,95458.00,0.27,25773.66,25.77,USDT,maker,1.3,true,,allow,d6f9a2c5e8b1d4a7c0e3f6b9c2d5e8a1f4b7c0d3a6e9f2b5c8d1a4e7f0b3d6a9,e7a0b3c6d9f2b5c8d1a4e7f0b3d6a9c2e5f8b1d4c7a0e3f6a9b2c5d8e1f4b7a0,root_2025-01-29_e9a2b5
2025-01-30T07:45:12.567Z,rugira_prod,acc_001,coinbasepro,ETH/USDT,ETH,USDT,order_submitted,ord_20250130_001,cli_063,,buy,limit,GTC,true,3489.12,678,acked,3488.00,1.6,5580.80,,,,,,,,,true,,allow,,f8b1d4c7a0e3f6a9b2c5d8e1f4b7a0d3c6e9f2b5c8d1a4e7f0b3d6a9c2e5f8b1,root_2025-01-30_f0b3d6
2025-01-30T07:45:13.890Z,rugira_prod,acc_001,coinbasepro,ETH/USDT,ETH,USDT,filled,ord_20250130_001,cli_063,,buy,limit,GTC,true,3489.12,678,filled,3488.00,1.6,5580.80,trd_053,3488.00,1.6,5580.80,0,USDT,maker,-3.2,true,,allow,f8b1d4c7a0e3f6a9b2c5d8e1f4b7a0d3c6e9f2b5c8d1a4e7f0b3d6a9c2e5f8b1,a9c2d5e8f1b4c7d0a3e6f9b2c5d8e1f4b7a0d3c6e9f2b5c8d1a4e7f0b3d6a9c2,root_2025-01-30_f0b3d6
2025-01-30T11:23:34.234Z,rugira_prod,acc_001,okx,BTC/USDT,BTC,USDT,order_submitted,ord_20250130_002,cli_064,,sell,market,IOC,false,94678.90,789,acked,,0.36,,,,,,,,,,true,,allow,a9c2d5e8f1b4c7d0a3e6f9b2c5d8e1f4b7a0d3c6e9f2b5c8d1a4e7f0b3d6a9c2,b0d3e6f9c2b5d8e1f4b7a0d3c6e9f2b5c8d1a4e7f0b3d6a9c2e5f8b1d4c7a0e3,root_2025-01-30_f0b3d6
2025-01-30T11:23:34.567Z,rugira_prod,acc_001,okx,BTC/USDT,BTC,USDT,filled,ord_20250130_002,cli_064,,sell,market,IOC,false,94678.90,789,filled,,0.36,,trd_054,94675.23,0.36,34083.08,34.08,USDT,taker,3.9,true,,allow,b0d3e6f9c2b5d8e1f4b7a0d3c6e9f2b5c8d1a4e7f0b3d6a9c2e5f8b1d4c7a0e3,c1e4f7a0b3d6e9c2f5b8d1e4a7f0c3d6a9b2e5c8f1d4b7e0a3f6c9d2b5e8a1f4,root_2025-01-30_f0b3d6
2025-01-31T09:12:45.890Z,rugira_prod,acc_001,binance,SOL/EUR,SOL,EUR,order_submitted,ord_20250131_001,cli_065,,buy,limit,GTC,false,193.56,890,acked,193.50,55.0,10642.50,,,,,,,,,true,,allow,,d2f5b8e1a4c7f0b3d6e9c2a5f8b1d4c7a0e3f6a9b2c5d8e1f4b7a0d3c6e9f2b5,root_2025-01-31_a1c4d7
2025-01-31T09:12:46.234Z,rugira_prod,acc_001,binance,SOL/EUR,SOL,EUR,filled,ord_20250131_001,cli_065,,buy,limit,GTC,false,193.56,890,filled,193.50,55.0,10642.50,trd_055,193.50,55.0,10642.50,10.64,EUR,maker,-3.1,true,,allow,d2f5b8e1a4c7f0b3d6e9c2a5f8b1d4c7a0e3f6a9b2c5d8e1f4b7a0d3c6e9f2b5,e3a6f9c2b5d8e1f4b7a0d3c6e9f2b5c8d1a4e7f0b3d6a9c2e5f8b1d4c7a0e3f6,root_2025-01-31_a1c4d7